algoritmo,entrada,n,comp,time

tim,random,1000000,0,0.460925817489624
tim,random,1000000,677034,1.0844857692718506
